"period_type","fiscal_year_be","period_order","period_label","indicator_no","indicator_name","target_text","target_type","target_value","numerator","denominator","actual_percent","status","gap_from_target"
"เดือน","2566","1","ตุลาคม","1","อัตราผู้ป่วย DM ที่ได้รับการตรวจ HbA1c",">= 70%",">=","70","216","283","76.33","ผ่าน","6.33"
"เดือน","2566","1","ตุลาคม","2","อัตราผู้ป่วย DM ที่มี HbA1c น้อยกว่า 7","> 40%",">","40","48","216","22.22","ไม่ผ่าน","-17.78"
"เดือน","2566","1","ตุลาคม","13","อัตราผู้ป่วย DM ที่ได้รับการตรวจจอประสาทตาประจำปี",">= 70%",">=","70","38","283","13.43","ไม่ผ่าน","-56.57"
"เดือน","2566","1","ตุลาคม","14","อัตราผู้ป่วย DM ที่ได้รับการตรวจสุขภาพช่องปากประจำปี","> 40%",">","40","33","283","11.66","ไม่ผ่าน","-28.34"
"เดือน","2566","1","ตุลาคม","15","อัตราผู้ป่วย DM ที่ได้รับการตรวจเท้าอย่างละเอียดประจำปี",">= 80%",">=","80","17","283","6.01","ไม่ผ่าน","-73.99"
"เดือน","2566","2","พฤศจิกายน","1","อัตราผู้ป่วย DM ที่ได้รับการตรวจ HbA1c",">= 70%",">=","70","262","332","78.92","ผ่าน","8.92"
"เดือน","2566","2","พฤศจิกายน","2","อัตราผู้ป่วย DM ที่มี HbA1c น้อยกว่า 7","> 40%",">","40","66","262","25.19","ไม่ผ่าน","-14.81"
"เดือน","2566","2","พฤศจิกายน","13","อัตราผู้ป่วย DM ที่ได้รับการตรวจจอประสาทตาประจำปี",">= 70%",">=","70","28","332","8.43","ไม่ผ่าน","-61.57"
"เดือน","2566","2","พฤศจิกายน","14","อัตราผู้ป่วย DM ที่ได้รับการตรวจสุขภาพช่องปากประจำปี","> 40%",">","40","18","332","5.42","ไม่ผ่าน","-34.58"
"เดือน","2566","2","พฤศจิกายน","15","อัตราผู้ป่วย DM ที่ได้รับการตรวจเท้าอย่างละเอียดประจำปี",">= 80%",">=","80","15","332","4.52","ไม่ผ่าน","-75.48"
"เดือน","2566","3","ธันวาคม","1","อัตราผู้ป่วย DM ที่ได้รับการตรวจ HbA1c",">= 70%",">=","70","205","263","77.95","ผ่าน","7.95"
"เดือน","2566","3","ธันวาคม","2","อัตราผู้ป่วย DM ที่มี HbA1c น้อยกว่า 7","> 40%",">","40","50","205","24.39","ไม่ผ่าน","-15.61"
"เดือน","2566","3","ธันวาคม","13","อัตราผู้ป่วย DM ที่ได้รับการตรวจจอประสาทตาประจำปี",">= 70%",">=","70","31","263","11.79","ไม่ผ่าน","-58.21"
"เดือน","2566","3","ธันวาคม","14","อัตราผู้ป่วย DM ที่ได้รับการตรวจสุขภาพช่องปากประจำปี","> 40%",">","40","19","263","7.22","ไม่ผ่าน","-32.78"
"เดือน","2566","3","ธันวาคม","15","อัตราผู้ป่วย DM ที่ได้รับการตรวจเท้าอย่างละเอียดประจำปี",">= 80%",">=","80","8","263","3.04","ไม่ผ่าน","-76.96"
"เดือน","2566","4","มกราคม","1","อัตราผู้ป่วย DM ที่ได้รับการตรวจ HbA1c",">= 70%",">=","70","243","351","69.23","ไม่ผ่าน","-0.77"
"เดือน","2566","4","มกราคม","2","อัตราผู้ป่วย DM ที่มี HbA1c น้อยกว่า 7","> 40%",">","40","65","243","26.75","ไม่ผ่าน","-13.25"
"เดือน","2566","4","มกราคม","13","อัตราผู้ป่วย DM ที่ได้รับการตรวจจอประสาทตาประจำปี",">= 70%",">=","70","30","351","8.55","ไม่ผ่าน","-61.45"
"เดือน","2566","4","มกราคม","14","อัตราผู้ป่วย DM ที่ได้รับการตรวจสุขภาพช่องปากประจำปี","> 40%",">","40","15","351","4.27","ไม่ผ่าน","-35.73"
"เดือน","2566","4","มกราคม","15","อัตราผู้ป่วย DM ที่ได้รับการตรวจเท้าอย่างละเอียดประจำปี",">= 80%",">=","80","12","351","3.42","ไม่ผ่าน","-76.58"
"เดือน","2566","5","กุมภาพันธ์","1","อัตราผู้ป่วย DM ที่ได้รับการตรวจ HbA1c",">= 70%",">=","70","185","314","58.92","ไม่ผ่าน","-11.08"
"เดือน","2566","5","กุมภาพันธ์","2","อัตราผู้ป่วย DM ที่มี HbA1c น้อยกว่า 7","> 40%",">","40","62","185","33.51","ไม่ผ่าน","-6.49"
"เดือน","2566","5","กุมภาพันธ์","13","อัตราผู้ป่วย DM ที่ได้รับการตรวจจอประสาทตาประจำปี",">= 70%",">=","70","44","314","14.01","ไม่ผ่าน","-55.99"
"เดือน","2566","5","กุมภาพันธ์","14","อัตราผู้ป่วย DM ที่ได้รับการตรวจสุขภาพช่องปากประจำปี","> 40%",">","40","19","314","6.05","ไม่ผ่าน","-33.95"
"เดือน","2566","5","กุมภาพันธ์","15","อัตราผู้ป่วย DM ที่ได้รับการตรวจเท้าอย่างละเอียดประจำปี",">= 80%",">=","80","18","314","5.73","ไม่ผ่าน","-74.27"
"เดือน","2566","6","มีนาคม","1","อัตราผู้ป่วย DM ที่ได้รับการตรวจ HbA1c",">= 70%",">=","70","210","299","70.23","ผ่าน","0.23"
"เดือน","2566","6","มีนาคม","2","อัตราผู้ป่วย DM ที่มี HbA1c น้อยกว่า 7","> 40%",">","40","65","210","30.95","ไม่ผ่าน","-9.05"
"เดือน","2566","6","มีนาคม","13","อัตราผู้ป่วย DM ที่ได้รับการตรวจจอประสาทตาประจำปี",">= 70%",">=","70","38","299","12.71","ไม่ผ่าน","-57.29"
"เดือน","2566","6","มีนาคม","14","อัตราผู้ป่วย DM ที่ได้รับการตรวจสุขภาพช่องปากประจำปี","> 40%",">","40","4","299","1.34","ไม่ผ่าน","-38.66"
"เดือน","2566","6","มีนาคม","15","อัตราผู้ป่วย DM ที่ได้รับการตรวจเท้าอย่างละเอียดประจำปี",">= 80%",">=","80","22","299","7.36","ไม่ผ่าน","-72.64"
"เดือน","2566","7","เมษายน","1","อัตราผู้ป่วย DM ที่ได้รับการตรวจ HbA1c",">= 70%",">=","70","168","289","58.13","ไม่ผ่าน","-11.87"
"เดือน","2566","7","เมษายน","2","อัตราผู้ป่วย DM ที่มี HbA1c น้อยกว่า 7","> 40%",">","40","38","168","22.62","ไม่ผ่าน","-17.38"
"เดือน","2566","7","เมษายน","13","อัตราผู้ป่วย DM ที่ได้รับการตรวจจอประสาทตาประจำปี",">= 70%",">=","70","41","289","14.19","ไม่ผ่าน","-55.81"
"เดือน","2566","7","เมษายน","14","อัตราผู้ป่วย DM ที่ได้รับการตรวจสุขภาพช่องปากประจำปี","> 40%",">","40","12","289","4.15","ไม่ผ่าน","-35.85"
"เดือน","2566","7","เมษายน","15","อัตราผู้ป่วย DM ที่ได้รับการตรวจเท้าอย่างละเอียดประจำปี",">= 80%",">=","80","7","289","2.42","ไม่ผ่าน","-77.58"
"เดือน","2566","8","พฤษภาคม","1","อัตราผู้ป่วย DM ที่ได้รับการตรวจ HbA1c",">= 70%",">=","70","209","315","66.35","ไม่ผ่าน","-3.65"
"เดือน","2566","8","พฤษภาคม","2","อัตราผู้ป่วย DM ที่มี HbA1c น้อยกว่า 7","> 40%",">","40","51","209","24.4","ไม่ผ่าน","-15.6"
"เดือน","2566","8","พฤษภาคม","13","อัตราผู้ป่วย DM ที่ได้รับการตรวจจอประสาทตาประจำปี",">= 70%",">=","70","55","315","17.46","ไม่ผ่าน","-52.54"
"เดือน","2566","8","พฤษภาคม","14","อัตราผู้ป่วย DM ที่ได้รับการตรวจสุขภาพช่องปากประจำปี","> 40%",">","40","7","315","2.22","ไม่ผ่าน","-37.78"
"เดือน","2566","8","พฤษภาคม","15","อัตราผู้ป่วย DM ที่ได้รับการตรวจเท้าอย่างละเอียดประจำปี",">= 80%",">=","80","12","315","3.81","ไม่ผ่าน","-76.19"
"เดือน","2566","9","มิถุนายน","1","อัตราผู้ป่วย DM ที่ได้รับการตรวจ HbA1c",">= 70%",">=","70","219","290","75.52","ผ่าน","5.52"
"เดือน","2566","9","มิถุนายน","2","อัตราผู้ป่วย DM ที่มี HbA1c น้อยกว่า 7","> 40%",">","40","65","219","29.68","ไม่ผ่าน","-10.32"
"เดือน","2566","9","มิถุนายน","13","อัตราผู้ป่วย DM ที่ได้รับการตรวจจอประสาทตาประจำปี",">= 70%",">=","70","43","290","14.83","ไม่ผ่าน","-55.17"
"เดือน","2566","9","มิถุนายน","14","อัตราผู้ป่วย DM ที่ได้รับการตรวจสุขภาพช่องปากประจำปี","> 40%",">","40","10","290","3.45","ไม่ผ่าน","-36.55"
"เดือน","2566","9","มิถุนายน","15","อัตราผู้ป่วย DM ที่ได้รับการตรวจเท้าอย่างละเอียดประจำปี",">= 80%",">=","80","16","290","5.52","ไม่ผ่าน","-74.48"
"เดือน","2566","10","กรกฎาคม","1","อัตราผู้ป่วย DM ที่ได้รับการตรวจ HbA1c",">= 70%",">=","70","219","320","68.44","ไม่ผ่าน","-1.56"
"เดือน","2566","10","กรกฎาคม","2","อัตราผู้ป่วย DM ที่มี HbA1c น้อยกว่า 7","> 40%",">","40","60","219","27.4","ไม่ผ่าน","-12.6"
"เดือน","2566","10","กรกฎาคม","13","อัตราผู้ป่วย DM ที่ได้รับการตรวจจอประสาทตาประจำปี",">= 70%",">=","70","33","320","10.31","ไม่ผ่าน","-59.69"
"เดือน","2566","10","กรกฎาคม","14","อัตราผู้ป่วย DM ที่ได้รับการตรวจสุขภาพช่องปากประจำปี","> 40%",">","40","12","320","3.75","ไม่ผ่าน","-36.25"
"เดือน","2566","10","กรกฎาคม","15","อัตราผู้ป่วย DM ที่ได้รับการตรวจเท้าอย่างละเอียดประจำปี",">= 80%",">=","80","15","320","4.69","ไม่ผ่าน","-75.31"
"เดือน","2566","11","สิงหาคม","1","อัตราผู้ป่วย DM ที่ได้รับการตรวจ HbA1c",">= 70%",">=","70","200","284","70.42","ผ่าน","0.42"
"เดือน","2566","11","สิงหาคม","2","อัตราผู้ป่วย DM ที่มี HbA1c น้อยกว่า 7","> 40%",">","40","59","200","29.5","ไม่ผ่าน","-10.5"
"เดือน","2566","11","สิงหาคม","13","อัตราผู้ป่วย DM ที่ได้รับการตรวจจอประสาทตาประจำปี",">= 70%",">=","70","46","284","16.2","ไม่ผ่าน","-53.8"
"เดือน","2566","11","สิงหาคม","14","อัตราผู้ป่วย DM ที่ได้รับการตรวจสุขภาพช่องปากประจำปี","> 40%",">","40","10","284","3.52","ไม่ผ่าน","-36.48"
"เดือน","2566","11","สิงหาคม","15","อัตราผู้ป่วย DM ที่ได้รับการตรวจเท้าอย่างละเอียดประจำปี",">= 80%",">=","80","14","284","4.93","ไม่ผ่าน","-75.07"
"เดือน","2566","12","กันยายน","1","อัตราผู้ป่วย DM ที่ได้รับการตรวจ HbA1c",">= 70%",">=","70","221","305","72.46","ผ่าน","2.46"
"เดือน","2566","12","กันยายน","2","อัตราผู้ป่วย DM ที่มี HbA1c น้อยกว่า 7","> 40%",">","40","62","221","28.05","ไม่ผ่าน","-11.95"
"เดือน","2566","12","กันยายน","13","อัตราผู้ป่วย DM ที่ได้รับการตรวจจอประสาทตาประจำปี",">= 70%",">=","70","36","305","11.8","ไม่ผ่าน","-58.2"
"เดือน","2566","12","กันยายน","14","อัตราผู้ป่วย DM ที่ได้รับการตรวจสุขภาพช่องปากประจำปี","> 40%",">","40","17","305","5.57","ไม่ผ่าน","-34.43"
"เดือน","2566","12","กันยายน","15","อัตราผู้ป่วย DM ที่ได้รับการตรวจเท้าอย่างละเอียดประจำปี",">= 80%",">=","80","5","305","1.64","ไม่ผ่าน","-78.36"
"ไตรมาส","2566","1","ไตรมาส 1","1","อัตราผู้ป่วย DM ที่ได้รับการตรวจ HbA1c",">= 70%",">=","70","624","774","80.62","ผ่าน","10.62"
"ไตรมาส","2566","1","ไตรมาส 1","2","อัตราผู้ป่วย DM ที่มี HbA1c น้อยกว่า 7","> 40%",">","40","152","624","24.36","ไม่ผ่าน","-15.64"
"ไตรมาส","2566","1","ไตรมาส 1","13","อัตราผู้ป่วย DM ที่ได้รับการตรวจจอประสาทตาประจำปี",">= 70%",">=","70","96","774","12.4","ไม่ผ่าน","-57.6"
"ไตรมาส","2566","1","ไตรมาส 1","14","อัตราผู้ป่วย DM ที่ได้รับการตรวจสุขภาพช่องปากประจำปี","> 40%",">","40","70","774","9.04","ไม่ผ่าน","-30.96"
"ไตรมาส","2566","1","ไตรมาส 1","15","อัตราผู้ป่วย DM ที่ได้รับการตรวจเท้าอย่างละเอียดประจำปี",">= 80%",">=","80","40","774","5.17","ไม่ผ่าน","-74.83"
"ไตรมาส","2566","2","ไตรมาส 2","1","อัตราผู้ป่วย DM ที่ได้รับการตรวจ HbA1c",">= 70%",">=","70","591","833","70.95","ผ่าน","0.95"
"ไตรมาส","2566","2","ไตรมาส 2","2","อัตราผู้ป่วย DM ที่มี HbA1c น้อยกว่า 7","> 40%",">","40","179","591","30.29","ไม่ผ่าน","-9.71"
"ไตรมาส","2566","2","ไตรมาส 2","13","อัตราผู้ป่วย DM ที่ได้รับการตรวจจอประสาทตาประจำปี",">= 70%",">=","70","112","833","13.45","ไม่ผ่าน","-56.55"
"ไตรมาส","2566","2","ไตรมาส 2","14","อัตราผู้ป่วย DM ที่ได้รับการตรวจสุขภาพช่องปากประจำปี","> 40%",">","40","38","833","4.56","ไม่ผ่าน","-35.44"
"ไตรมาส","2566","2","ไตรมาส 2","15","อัตราผู้ป่วย DM ที่ได้รับการตรวจเท้าอย่างละเอียดประจำปี",">= 80%",">=","80","52","833","6.24","ไม่ผ่าน","-73.76"
"ไตรมาส","2566","3","ไตรมาส 3","1","อัตราผู้ป่วย DM ที่ได้รับการตรวจ HbA1c",">= 70%",">=","70","559","805","69.44","ไม่ผ่าน","-0.56"
"ไตรมาส","2566","3","ไตรมาส 3","2","อัตราผู้ป่วย DM ที่มี HbA1c น้อยกว่า 7","> 40%",">","40","149","559","26.65","ไม่ผ่าน","-13.35"
"ไตรมาส","2566","3","ไตรมาส 3","13","อัตราผู้ป่วย DM ที่ได้รับการตรวจจอประสาทตาประจำปี",">= 70%",">=","70","138","805","17.14","ไม่ผ่าน","-52.86"
"ไตรมาส","2566","3","ไตรมาส 3","14","อัตราผู้ป่วย DM ที่ได้รับการตรวจสุขภาพช่องปากประจำปี","> 40%",">","40","29","805","3.6","ไม่ผ่าน","-36.4"
"ไตรมาส","2566","3","ไตรมาส 3","15","อัตราผู้ป่วย DM ที่ได้รับการตรวจเท้าอย่างละเอียดประจำปี",">= 80%",">=","80","35","805","4.35","ไม่ผ่าน","-75.65"
"ไตรมาส","2566","4","ไตรมาส 4","1","อัตราผู้ป่วย DM ที่ได้รับการตรวจ HbA1c",">= 70%",">=","70","587","813","72.2","ผ่าน","2.2"
"ไตรมาส","2566","4","ไตรมาส 4","2","อัตราผู้ป่วย DM ที่มี HbA1c น้อยกว่า 7","> 40%",">","40","168","587","28.62","ไม่ผ่าน","-11.38"
"ไตรมาส","2566","4","ไตรมาส 4","13","อัตราผู้ป่วย DM ที่ได้รับการตรวจจอประสาทตาประจำปี",">= 70%",">=","70","111","813","13.65","ไม่ผ่าน","-56.35"
"ไตรมาส","2566","4","ไตรมาส 4","14","อัตราผู้ป่วย DM ที่ได้รับการตรวจสุขภาพช่องปากประจำปี","> 40%",">","40","39","813","4.8","ไม่ผ่าน","-35.2"
"ไตรมาส","2566","4","ไตรมาส 4","15","อัตราผู้ป่วย DM ที่ได้รับการตรวจเท้าอย่างละเอียดประจำปี",">= 80%",">=","80","34","813","4.18","ไม่ผ่าน","-75.82"
"ปีงบประมาณ","2566","0","ปีงบประมาณ 2566","1","อัตราผู้ป่วย DM ที่ได้รับการตรวจ HbA1c",">= 70%",">=","70","1033","1142","90.46","ผ่าน","20.46"
"ปีงบประมาณ","2566","0","ปีงบประมาณ 2566","2","อัตราผู้ป่วย DM ที่มี HbA1c น้อยกว่า 7","> 40%",">","40","348","1033","33.69","ไม่ผ่าน","-6.31"
"ปีงบประมาณ","2566","0","ปีงบประมาณ 2566","13","อัตราผู้ป่วย DM ที่ได้รับการตรวจจอประสาทตาประจำปี",">= 70%",">=","70","431","1142","37.74","ไม่ผ่าน","-32.26"
"ปีงบประมาณ","2566","0","ปีงบประมาณ 2566","14","อัตราผู้ป่วย DM ที่ได้รับการตรวจสุขภาพช่องปากประจำปี","> 40%",">","40","170","1142","14.89","ไม่ผ่าน","-25.11"
"ปีงบประมาณ","2566","0","ปีงบประมาณ 2566","15","อัตราผู้ป่วย DM ที่ได้รับการตรวจเท้าอย่างละเอียดประจำปี",">= 80%",">=","80","160","1142","14.01","ไม่ผ่าน","-65.99"
"เดือน","2567","1","ตุลาคม","1","อัตราผู้ป่วย DM ที่ได้รับการตรวจ HbA1c",">= 70%",">=","70","264","374","70.59","ผ่าน","0.59"
"เดือน","2567","1","ตุลาคม","2","อัตราผู้ป่วย DM ที่มี HbA1c น้อยกว่า 7","> 40%",">","40","68","264","25.76","ไม่ผ่าน","-14.24"
"เดือน","2567","1","ตุลาคม","13","อัตราผู้ป่วย DM ที่ได้รับการตรวจจอประสาทตาประจำปี",">= 70%",">=","70","49","374","13.1","ไม่ผ่าน","-56.9"
"เดือน","2567","1","ตุลาคม","14","อัตราผู้ป่วย DM ที่ได้รับการตรวจสุขภาพช่องปากประจำปี","> 40%",">","40","4","374","1.07","ไม่ผ่าน","-38.93"
"เดือน","2567","1","ตุลาคม","15","อัตราผู้ป่วย DM ที่ได้รับการตรวจเท้าอย่างละเอียดประจำปี",">= 80%",">=","80","15","374","4.01","ไม่ผ่าน","-75.99"
"เดือน","2567","2","พฤศจิกายน","1","อัตราผู้ป่วย DM ที่ได้รับการตรวจ HbA1c",">= 70%",">=","70","189","293","64.51","ไม่ผ่าน","-5.49"
"เดือน","2567","2","พฤศจิกายน","2","อัตราผู้ป่วย DM ที่มี HbA1c น้อยกว่า 7","> 40%",">","40","40","189","21.16","ไม่ผ่าน","-18.84"
"เดือน","2567","2","พฤศจิกายน","13","อัตราผู้ป่วย DM ที่ได้รับการตรวจจอประสาทตาประจำปี",">= 70%",">=","70","41","293","13.99","ไม่ผ่าน","-56.01"
"เดือน","2567","2","พฤศจิกายน","14","อัตราผู้ป่วย DM ที่ได้รับการตรวจสุขภาพช่องปากประจำปี","> 40%",">","40","14","293","4.78","ไม่ผ่าน","-35.22"
"เดือน","2567","2","พฤศจิกายน","15","อัตราผู้ป่วย DM ที่ได้รับการตรวจเท้าอย่างละเอียดประจำปี",">= 80%",">=","80","12","293","4.1","ไม่ผ่าน","-75.9"
"เดือน","2567","3","ธันวาคม","1","อัตราผู้ป่วย DM ที่ได้รับการตรวจ HbA1c",">= 70%",">=","70","222","282","78.72","ผ่าน","8.72"
"เดือน","2567","3","ธันวาคม","2","อัตราผู้ป่วย DM ที่มี HbA1c น้อยกว่า 7","> 40%",">","40","60","222","27.03","ไม่ผ่าน","-12.97"
"เดือน","2567","3","ธันวาคม","13","อัตราผู้ป่วย DM ที่ได้รับการตรวจจอประสาทตาประจำปี",">= 70%",">=","70","36","282","12.77","ไม่ผ่าน","-57.23"
"เดือน","2567","3","ธันวาคม","14","อัตราผู้ป่วย DM ที่ได้รับการตรวจสุขภาพช่องปากประจำปี","> 40%",">","40","9","282","3.19","ไม่ผ่าน","-36.81"
"เดือน","2567","3","ธันวาคม","15","อัตราผู้ป่วย DM ที่ได้รับการตรวจเท้าอย่างละเอียดประจำปี",">= 80%",">=","80","4","282","1.42","ไม่ผ่าน","-78.58"
"เดือน","2567","4","มกราคม","1","อัตราผู้ป่วย DM ที่ได้รับการตรวจ HbA1c",">= 70%",">=","70","269","340","79.12","ผ่าน","9.12"
"เดือน","2567","4","มกราคม","2","อัตราผู้ป่วย DM ที่มี HbA1c น้อยกว่า 7","> 40%",">","40","66","269","24.54","ไม่ผ่าน","-15.46"
"เดือน","2567","4","มกราคม","13","อัตราผู้ป่วย DM ที่ได้รับการตรวจจอประสาทตาประจำปี",">= 70%",">=","70","37","340","10.88","ไม่ผ่าน","-59.12"
"เดือน","2567","4","มกราคม","14","อัตราผู้ป่วย DM ที่ได้รับการตรวจสุขภาพช่องปากประจำปี","> 40%",">","40","13","340","3.82","ไม่ผ่าน","-36.18"
"เดือน","2567","4","มกราคม","15","อัตราผู้ป่วย DM ที่ได้รับการตรวจเท้าอย่างละเอียดประจำปี",">= 80%",">=","80","12","340","3.53","ไม่ผ่าน","-76.47"
"เดือน","2567","5","กุมภาพันธ์","1","อัตราผู้ป่วย DM ที่ได้รับการตรวจ HbA1c",">= 70%",">=","70","196","256","76.56","ผ่าน","6.56"
"เดือน","2567","5","กุมภาพันธ์","2","อัตราผู้ป่วย DM ที่มี HbA1c น้อยกว่า 7","> 40%",">","40","59","196","30.1","ไม่ผ่าน","-9.9"
"เดือน","2567","5","กุมภาพันธ์","13","อัตราผู้ป่วย DM ที่ได้รับการตรวจจอประสาทตาประจำปี",">= 70%",">=","70","31","256","12.11","ไม่ผ่าน","-57.89"
"เดือน","2567","5","กุมภาพันธ์","14","อัตราผู้ป่วย DM ที่ได้รับการตรวจสุขภาพช่องปากประจำปี","> 40%",">","40","0","256","0","ไม่ผ่าน","-40"
"เดือน","2567","5","กุมภาพันธ์","15","อัตราผู้ป่วย DM ที่ได้รับการตรวจเท้าอย่างละเอียดประจำปี",">= 80%",">=","80","9","256","3.52","ไม่ผ่าน","-76.48"
"เดือน","2567","6","มีนาคม","1","อัตราผู้ป่วย DM ที่ได้รับการตรวจ HbA1c",">= 70%",">=","70","259","299","86.62","ผ่าน","16.62"
"เดือน","2567","6","มีนาคม","2","อัตราผู้ป่วย DM ที่มี HbA1c น้อยกว่า 7","> 40%",">","40","62","259","23.94","ไม่ผ่าน","-16.06"
"เดือน","2567","6","มีนาคม","13","อัตราผู้ป่วย DM ที่ได้รับการตรวจจอประสาทตาประจำปี",">= 70%",">=","70","43","299","14.38","ไม่ผ่าน","-55.62"
"เดือน","2567","6","มีนาคม","14","อัตราผู้ป่วย DM ที่ได้รับการตรวจสุขภาพช่องปากประจำปี","> 40%",">","40","0","299","0","ไม่ผ่าน","-40"
"เดือน","2567","6","มีนาคม","15","อัตราผู้ป่วย DM ที่ได้รับการตรวจเท้าอย่างละเอียดประจำปี",">= 80%",">=","80","11","299","3.68","ไม่ผ่าน","-76.32"
"เดือน","2567","7","เมษายน","1","อัตราผู้ป่วย DM ที่ได้รับการตรวจ HbA1c",">= 70%",">=","70","281","375","74.93","ผ่าน","4.93"
"เดือน","2567","7","เมษายน","2","อัตราผู้ป่วย DM ที่มี HbA1c น้อยกว่า 7","> 40%",">","40","85","281","30.25","ไม่ผ่าน","-9.75"
"เดือน","2567","7","เมษายน","13","อัตราผู้ป่วย DM ที่ได้รับการตรวจจอประสาทตาประจำปี",">= 70%",">=","70","40","375","10.67","ไม่ผ่าน","-59.33"
"เดือน","2567","7","เมษายน","14","อัตราผู้ป่วย DM ที่ได้รับการตรวจสุขภาพช่องปากประจำปี","> 40%",">","40","0","375","0","ไม่ผ่าน","-40"
"เดือน","2567","7","เมษายน","15","อัตราผู้ป่วย DM ที่ได้รับการตรวจเท้าอย่างละเอียดประจำปี",">= 80%",">=","80","3","375","0.8","ไม่ผ่าน","-79.2"
"เดือน","2567","8","พฤษภาคม","1","อัตราผู้ป่วย DM ที่ได้รับการตรวจ HbA1c",">= 70%",">=","70","211","276","76.45","ผ่าน","6.45"
"เดือน","2567","8","พฤษภาคม","2","อัตราผู้ป่วย DM ที่มี HbA1c น้อยกว่า 7","> 40%",">","40","64","211","30.33","ไม่ผ่าน","-9.67"
"เดือน","2567","8","พฤษภาคม","13","อัตราผู้ป่วย DM ที่ได้รับการตรวจจอประสาทตาประจำปี",">= 70%",">=","70","38","276","13.77","ไม่ผ่าน","-56.23"
"เดือน","2567","8","พฤษภาคม","14","อัตราผู้ป่วย DM ที่ได้รับการตรวจสุขภาพช่องปากประจำปี","> 40%",">","40","0","276","0","ไม่ผ่าน","-40"
"เดือน","2567","8","พฤษภาคม","15","อัตราผู้ป่วย DM ที่ได้รับการตรวจเท้าอย่างละเอียดประจำปี",">= 80%",">=","80","4","276","1.45","ไม่ผ่าน","-78.55"
"เดือน","2567","9","มิถุนายน","1","อัตราผู้ป่วย DM ที่ได้รับการตรวจ HbA1c",">= 70%",">=","70","85","286","29.72","ไม่ผ่าน","-40.28"
"เดือน","2567","9","มิถุนายน","2","อัตราผู้ป่วย DM ที่มี HbA1c น้อยกว่า 7","> 40%",">","40","27","85","31.76","ไม่ผ่าน","-8.24"
"เดือน","2567","9","มิถุนายน","13","อัตราผู้ป่วย DM ที่ได้รับการตรวจจอประสาทตาประจำปี",">= 70%",">=","70","25","286","8.74","ไม่ผ่าน","-61.26"
"เดือน","2567","9","มิถุนายน","14","อัตราผู้ป่วย DM ที่ได้รับการตรวจสุขภาพช่องปากประจำปี","> 40%",">","40","0","286","0","ไม่ผ่าน","-40"
"เดือน","2567","9","มิถุนายน","15","อัตราผู้ป่วย DM ที่ได้รับการตรวจเท้าอย่างละเอียดประจำปี",">= 80%",">=","80","3","286","1.05","ไม่ผ่าน","-78.95"
"เดือน","2567","10","กรกฎาคม","1","อัตราผู้ป่วย DM ที่ได้รับการตรวจ HbA1c",">= 70%",">=","70","112","379","29.55","ไม่ผ่าน","-40.45"
"เดือน","2567","10","กรกฎาคม","2","อัตราผู้ป่วย DM ที่มี HbA1c น้อยกว่า 7","> 40%",">","40","28","112","25","ไม่ผ่าน","-15"
"เดือน","2567","10","กรกฎาคม","13","อัตราผู้ป่วย DM ที่ได้รับการตรวจจอประสาทตาประจำปี",">= 70%",">=","70","32","379","8.44","ไม่ผ่าน","-61.56"
"เดือน","2567","10","กรกฎาคม","14","อัตราผู้ป่วย DM ที่ได้รับการตรวจสุขภาพช่องปากประจำปี","> 40%",">","40","0","379","0","ไม่ผ่าน","-40"
"เดือน","2567","10","กรกฎาคม","15","อัตราผู้ป่วย DM ที่ได้รับการตรวจเท้าอย่างละเอียดประจำปี",">= 80%",">=","80","3","379","0.79","ไม่ผ่าน","-79.21"
"เดือน","2567","11","สิงหาคม","1","อัตราผู้ป่วย DM ที่ได้รับการตรวจ HbA1c",">= 70%",">=","70","56","280","20","ไม่ผ่าน","-50"
"เดือน","2567","11","สิงหาคม","2","อัตราผู้ป่วย DM ที่มี HbA1c น้อยกว่า 7","> 40%",">","40","15","56","26.79","ไม่ผ่าน","-13.21"
"เดือน","2567","11","สิงหาคม","13","อัตราผู้ป่วย DM ที่ได้รับการตรวจจอประสาทตาประจำปี",">= 70%",">=","70","40","280","14.29","ไม่ผ่าน","-55.71"
"เดือน","2567","11","สิงหาคม","14","อัตราผู้ป่วย DM ที่ได้รับการตรวจสุขภาพช่องปากประจำปี","> 40%",">","40","0","280","0","ไม่ผ่าน","-40"
"เดือน","2567","11","สิงหาคม","15","อัตราผู้ป่วย DM ที่ได้รับการตรวจเท้าอย่างละเอียดประจำปี",">= 80%",">=","80","1","280","0.36","ไม่ผ่าน","-79.64"
"เดือน","2567","12","กันยายน","1","อัตราผู้ป่วย DM ที่ได้รับการตรวจ HbA1c",">= 70%",">=","70","163","286","56.99","ไม่ผ่าน","-13.01"
"เดือน","2567","12","กันยายน","2","อัตราผู้ป่วย DM ที่มี HbA1c น้อยกว่า 7","> 40%",">","40","42","163","25.77","ไม่ผ่าน","-14.23"
"เดือน","2567","12","กันยายน","13","อัตราผู้ป่วย DM ที่ได้รับการตรวจจอประสาทตาประจำปี",">= 70%",">=","70","34","286","11.89","ไม่ผ่าน","-58.11"
"เดือน","2567","12","กันยายน","14","อัตราผู้ป่วย DM ที่ได้รับการตรวจสุขภาพช่องปากประจำปี","> 40%",">","40","0","286","0","ไม่ผ่าน","-40"
"เดือน","2567","12","กันยายน","15","อัตราผู้ป่วย DM ที่ได้รับการตรวจเท้าอย่างละเอียดประจำปี",">= 80%",">=","80","4","286","1.4","ไม่ผ่าน","-78.6"
"ไตรมาส","2567","1","ไตรมาส 1","1","อัตราผู้ป่วย DM ที่ได้รับการตรวจ HbA1c",">= 70%",">=","70","639","852","75","ผ่าน","5"
"ไตรมาส","2567","1","ไตรมาส 1","2","อัตราผู้ป่วย DM ที่มี HbA1c น้อยกว่า 7","> 40%",">","40","163","639","25.51","ไม่ผ่าน","-14.49"
"ไตรมาส","2567","1","ไตรมาส 1","13","อัตราผู้ป่วย DM ที่ได้รับการตรวจจอประสาทตาประจำปี",">= 70%",">=","70","125","852","14.67","ไม่ผ่าน","-55.33"
"ไตรมาส","2567","1","ไตรมาส 1","14","อัตราผู้ป่วย DM ที่ได้รับการตรวจสุขภาพช่องปากประจำปี","> 40%",">","40","27","852","3.17","ไม่ผ่าน","-36.83"
"ไตรมาส","2567","1","ไตรมาส 1","15","อัตราผู้ป่วย DM ที่ได้รับการตรวจเท้าอย่างละเอียดประจำปี",">= 80%",">=","80","30","852","3.52","ไม่ผ่าน","-76.48"
"ไตรมาส","2567","2","ไตรมาส 2","1","อัตราผู้ป่วย DM ที่ได้รับการตรวจ HbA1c",">= 70%",">=","70","667","822","81.14","ผ่าน","11.14"
"ไตรมาส","2567","2","ไตรมาส 2","2","อัตราผู้ป่วย DM ที่มี HbA1c น้อยกว่า 7","> 40%",">","40","176","667","26.39","ไม่ผ่าน","-13.61"
"ไตรมาส","2567","2","ไตรมาส 2","13","อัตราผู้ป่วย DM ที่ได้รับการตรวจจอประสาทตาประจำปี",">= 70%",">=","70","111","822","13.5","ไม่ผ่าน","-56.5"
"ไตรมาส","2567","2","ไตรมาส 2","14","อัตราผู้ป่วย DM ที่ได้รับการตรวจสุขภาพช่องปากประจำปี","> 40%",">","40","13","822","1.58","ไม่ผ่าน","-38.42"
"ไตรมาส","2567","2","ไตรมาส 2","15","อัตราผู้ป่วย DM ที่ได้รับการตรวจเท้าอย่างละเอียดประจำปี",">= 80%",">=","80","32","822","3.89","ไม่ผ่าน","-76.11"
"ไตรมาส","2567","3","ไตรมาส 3","1","อัตราผู้ป่วย DM ที่ได้รับการตรวจ HbA1c",">= 70%",">=","70","530","848","62.5","ไม่ผ่าน","-7.5"
"ไตรมาส","2567","3","ไตรมาส 3","2","อัตราผู้ป่วย DM ที่มี HbA1c น้อยกว่า 7","> 40%",">","40","162","530","30.57","ไม่ผ่าน","-9.43"
"ไตรมาส","2567","3","ไตรมาส 3","13","อัตราผู้ป่วย DM ที่ได้รับการตรวจจอประสาทตาประจำปี",">= 70%",">=","70","101","848","11.91","ไม่ผ่าน","-58.09"
"ไตรมาส","2567","3","ไตรมาส 3","14","อัตราผู้ป่วย DM ที่ได้รับการตรวจสุขภาพช่องปากประจำปี","> 40%",">","40","0","848","0","ไม่ผ่าน","-40"
"ไตรมาส","2567","3","ไตรมาส 3","15","อัตราผู้ป่วย DM ที่ได้รับการตรวจเท้าอย่างละเอียดประจำปี",">= 80%",">=","80","10","848","1.18","ไม่ผ่าน","-78.82"
"ไตรมาส","2567","4","ไตรมาส 4","1","อัตราผู้ป่วย DM ที่ได้รับการตรวจ HbA1c",">= 70%",">=","70","307","860","35.7","ไม่ผ่าน","-34.3"
"ไตรมาส","2567","4","ไตรมาส 4","2","อัตราผู้ป่วย DM ที่มี HbA1c น้อยกว่า 7","> 40%",">","40","79","307","25.73","ไม่ผ่าน","-14.27"
"ไตรมาส","2567","4","ไตรมาส 4","13","อัตราผู้ป่วย DM ที่ได้รับการตรวจจอประสาทตาประจำปี",">= 70%",">=","70","106","860","12.33","ไม่ผ่าน","-57.67"
"ไตรมาส","2567","4","ไตรมาส 4","14","อัตราผู้ป่วย DM ที่ได้รับการตรวจสุขภาพช่องปากประจำปี","> 40%",">","40","0","860","0","ไม่ผ่าน","-40"
"ไตรมาส","2567","4","ไตรมาส 4","15","อัตราผู้ป่วย DM ที่ได้รับการตรวจเท้าอย่างละเอียดประจำปี",">= 80%",">=","80","8","860","0.93","ไม่ผ่าน","-79.07"
"ปีงบประมาณ","2567","0","ปีงบประมาณ 2567","1","อัตราผู้ป่วย DM ที่ได้รับการตรวจ HbA1c",">= 70%",">=","70","1091","1276","85.5","ผ่าน","15.5"
"ปีงบประมาณ","2567","0","ปีงบประมาณ 2567","2","อัตราผู้ป่วย DM ที่มี HbA1c น้อยกว่า 7","> 40%",">","40","378","1091","34.65","ไม่ผ่าน","-5.35"
"ปีงบประมาณ","2567","0","ปีงบประมาณ 2567","13","อัตราผู้ป่วย DM ที่ได้รับการตรวจจอประสาทตาประจำปี",">= 70%",">=","70","418","1276","32.76","ไม่ผ่าน","-37.24"
"ปีงบประมาณ","2567","0","ปีงบประมาณ 2567","14","อัตราผู้ป่วย DM ที่ได้รับการตรวจสุขภาพช่องปากประจำปี","> 40%",">","40","40","1276","3.13","ไม่ผ่าน","-36.87"
"ปีงบประมาณ","2567","0","ปีงบประมาณ 2567","15","อัตราผู้ป่วย DM ที่ได้รับการตรวจเท้าอย่างละเอียดประจำปี",">= 80%",">=","80","78","1276","6.11","ไม่ผ่าน","-73.89"
"เดือน","2568","1","ตุลาคม","1","อัตราผู้ป่วย DM ที่ได้รับการตรวจ HbA1c",">= 70%",">=","70","238","367","64.85","ไม่ผ่าน","-5.15"
"เดือน","2568","1","ตุลาคม","2","อัตราผู้ป่วย DM ที่มี HbA1c น้อยกว่า 7","> 40%",">","40","64","238","26.89","ไม่ผ่าน","-13.11"
"เดือน","2568","1","ตุลาคม","13","อัตราผู้ป่วย DM ที่ได้รับการตรวจจอประสาทตาประจำปี",">= 70%",">=","70","49","367","13.35","ไม่ผ่าน","-56.65"
"เดือน","2568","1","ตุลาคม","14","อัตราผู้ป่วย DM ที่ได้รับการตรวจสุขภาพช่องปากประจำปี","> 40%",">","40","11","367","3","ไม่ผ่าน","-37"
"เดือน","2568","1","ตุลาคม","15","อัตราผู้ป่วย DM ที่ได้รับการตรวจเท้าอย่างละเอียดประจำปี",">= 80%",">=","80","16","367","4.36","ไม่ผ่าน","-75.64"
"เดือน","2568","2","พฤศจิกายน","1","อัตราผู้ป่วย DM ที่ได้รับการตรวจ HbA1c",">= 70%",">=","70","272","308","88.31","ผ่าน","18.31"
"เดือน","2568","2","พฤศจิกายน","2","อัตราผู้ป่วย DM ที่มี HbA1c น้อยกว่า 7","> 40%",">","40","66","272","24.26","ไม่ผ่าน","-15.74"
"เดือน","2568","2","พฤศจิกายน","13","อัตราผู้ป่วย DM ที่ได้รับการตรวจจอประสาทตาประจำปี",">= 70%",">=","70","30","308","9.74","ไม่ผ่าน","-60.26"
"เดือน","2568","2","พฤศจิกายน","14","อัตราผู้ป่วย DM ที่ได้รับการตรวจสุขภาพช่องปากประจำปี","> 40%",">","40","22","308","7.14","ไม่ผ่าน","-32.86"
"เดือน","2568","2","พฤศจิกายน","15","อัตราผู้ป่วย DM ที่ได้รับการตรวจเท้าอย่างละเอียดประจำปี",">= 80%",">=","80","8","308","2.6","ไม่ผ่าน","-77.4"
"เดือน","2568","3","ธันวาคม","1","อัตราผู้ป่วย DM ที่ได้รับการตรวจ HbA1c",">= 70%",">=","70","247","276","89.49","ผ่าน","19.49"
"เดือน","2568","3","ธันวาคม","2","อัตราผู้ป่วย DM ที่มี HbA1c น้อยกว่า 7","> 40%",">","40","57","247","23.08","ไม่ผ่าน","-16.92"
"เดือน","2568","3","ธันวาคม","13","อัตราผู้ป่วย DM ที่ได้รับการตรวจจอประสาทตาประจำปี",">= 70%",">=","70","32","276","11.59","ไม่ผ่าน","-58.41"
"เดือน","2568","3","ธันวาคม","14","อัตราผู้ป่วย DM ที่ได้รับการตรวจสุขภาพช่องปากประจำปี","> 40%",">","40","11","276","3.99","ไม่ผ่าน","-36.01"
"เดือน","2568","3","ธันวาคม","15","อัตราผู้ป่วย DM ที่ได้รับการตรวจเท้าอย่างละเอียดประจำปี",">= 80%",">=","80","13","276","4.71","ไม่ผ่าน","-75.29"
"เดือน","2568","4","มกราคม","1","อัตราผู้ป่วย DM ที่ได้รับการตรวจ HbA1c",">= 70%",">=","70","282","298","94.63","ผ่าน","24.63"
"เดือน","2568","4","มกราคม","2","อัตราผู้ป่วย DM ที่มี HbA1c น้อยกว่า 7","> 40%",">","40","76","282","26.95","ไม่ผ่าน","-13.05"
"เดือน","2568","4","มกราคม","13","อัตราผู้ป่วย DM ที่ได้รับการตรวจจอประสาทตาประจำปี",">= 70%",">=","70","30","298","10.07","ไม่ผ่าน","-59.93"
"เดือน","2568","4","มกราคม","14","อัตราผู้ป่วย DM ที่ได้รับการตรวจสุขภาพช่องปากประจำปี","> 40%",">","40","18","298","6.04","ไม่ผ่าน","-33.96"
"เดือน","2568","4","มกราคม","15","อัตราผู้ป่วย DM ที่ได้รับการตรวจเท้าอย่างละเอียดประจำปี",">= 80%",">=","80","4","298","1.34","ไม่ผ่าน","-78.66"
"เดือน","2568","5","กุมภาพันธ์","1","อัตราผู้ป่วย DM ที่ได้รับการตรวจ HbA1c",">= 70%",">=","70","291","328","88.72","ผ่าน","18.72"
"เดือน","2568","5","กุมภาพันธ์","2","อัตราผู้ป่วย DM ที่มี HbA1c น้อยกว่า 7","> 40%",">","40","41","291","14.09","ไม่ผ่าน","-25.91"
"เดือน","2568","5","กุมภาพันธ์","13","อัตราผู้ป่วย DM ที่ได้รับการตรวจจอประสาทตาประจำปี",">= 70%",">=","70","37","328","11.28","ไม่ผ่าน","-58.72"
"เดือน","2568","5","กุมภาพันธ์","14","อัตราผู้ป่วย DM ที่ได้รับการตรวจสุขภาพช่องปากประจำปี","> 40%",">","40","14","328","4.27","ไม่ผ่าน","-35.73"
"เดือน","2568","5","กุมภาพันธ์","15","อัตราผู้ป่วย DM ที่ได้รับการตรวจเท้าอย่างละเอียดประจำปี",">= 80%",">=","80","20","328","6.1","ไม่ผ่าน","-73.9"
"เดือน","2568","6","มีนาคม","1","อัตราผู้ป่วย DM ที่ได้รับการตรวจ HbA1c",">= 70%",">=","70","262","286","91.61","ผ่าน","21.61"
"เดือน","2568","6","มีนาคม","2","อัตราผู้ป่วย DM ที่มี HbA1c น้อยกว่า 7","> 40%",">","40","45","262","17.18","ไม่ผ่าน","-22.82"
"เดือน","2568","6","มีนาคม","13","อัตราผู้ป่วย DM ที่ได้รับการตรวจจอประสาทตาประจำปี",">= 70%",">=","70","41","286","14.34","ไม่ผ่าน","-55.66"
"เดือน","2568","6","มีนาคม","14","อัตราผู้ป่วย DM ที่ได้รับการตรวจสุขภาพช่องปากประจำปี","> 40%",">","40","22","286","7.69","ไม่ผ่าน","-32.31"
"เดือน","2568","6","มีนาคม","15","อัตราผู้ป่วย DM ที่ได้รับการตรวจเท้าอย่างละเอียดประจำปี",">= 80%",">=","80","14","286","4.9","ไม่ผ่าน","-75.1"
"เดือน","2568","7","เมษายน","1","อัตราผู้ป่วย DM ที่ได้รับการตรวจ HbA1c",">= 70%",">=","70","215","308","69.81","ไม่ผ่าน","-0.19"
"เดือน","2568","7","เมษายน","2","อัตราผู้ป่วย DM ที่มี HbA1c น้อยกว่า 7","> 40%",">","40","52","215","24.19","ไม่ผ่าน","-15.81"
"เดือน","2568","7","เมษายน","13","อัตราผู้ป่วย DM ที่ได้รับการตรวจจอประสาทตาประจำปี",">= 70%",">=","70","35","308","11.36","ไม่ผ่าน","-58.64"
"เดือน","2568","7","เมษายน","14","อัตราผู้ป่วย DM ที่ได้รับการตรวจสุขภาพช่องปากประจำปี","> 40%",">","40","23","308","7.47","ไม่ผ่าน","-32.53"
"เดือน","2568","7","เมษายน","15","อัตราผู้ป่วย DM ที่ได้รับการตรวจเท้าอย่างละเอียดประจำปี",">= 80%",">=","80","9","308","2.92","ไม่ผ่าน","-77.08"
"เดือน","2568","8","พฤษภาคม","1","อัตราผู้ป่วย DM ที่ได้รับการตรวจ HbA1c",">= 70%",">=","70","310","345","89.86","ผ่าน","19.86"
"เดือน","2568","8","พฤษภาคม","2","อัตราผู้ป่วย DM ที่มี HbA1c น้อยกว่า 7","> 40%",">","40","76","310","24.52","ไม่ผ่าน","-15.48"
"เดือน","2568","8","พฤษภาคม","13","อัตราผู้ป่วย DM ที่ได้รับการตรวจจอประสาทตาประจำปี",">= 70%",">=","70","36","345","10.43","ไม่ผ่าน","-59.57"
"เดือน","2568","8","พฤษภาคม","14","อัตราผู้ป่วย DM ที่ได้รับการตรวจสุขภาพช่องปากประจำปี","> 40%",">","40","8","345","2.32","ไม่ผ่าน","-37.68"
"เดือน","2568","8","พฤษภาคม","15","อัตราผู้ป่วย DM ที่ได้รับการตรวจเท้าอย่างละเอียดประจำปี",">= 80%",">=","80","3","345","0.87","ไม่ผ่าน","-79.13"
"เดือน","2568","9","มิถุนายน","1","อัตราผู้ป่วย DM ที่ได้รับการตรวจ HbA1c",">= 70%",">=","70","227","277","81.95","ผ่าน","11.95"
"เดือน","2568","9","มิถุนายน","2","อัตราผู้ป่วย DM ที่มี HbA1c น้อยกว่า 7","> 40%",">","40","70","227","30.84","ไม่ผ่าน","-9.16"
"เดือน","2568","9","มิถุนายน","13","อัตราผู้ป่วย DM ที่ได้รับการตรวจจอประสาทตาประจำปี",">= 70%",">=","70","38","277","13.72","ไม่ผ่าน","-56.28"
"เดือน","2568","9","มิถุนายน","14","อัตราผู้ป่วย DM ที่ได้รับการตรวจสุขภาพช่องปากประจำปี","> 40%",">","40","8","277","2.89","ไม่ผ่าน","-37.11"
"เดือน","2568","9","มิถุนายน","15","อัตราผู้ป่วย DM ที่ได้รับการตรวจเท้าอย่างละเอียดประจำปี",">= 80%",">=","80","22","277","7.94","ไม่ผ่าน","-72.06"
"เดือน","2568","10","กรกฎาคม","1","อัตราผู้ป่วย DM ที่ได้รับการตรวจ HbA1c",">= 70%",">=","70","271","363","74.66","ผ่าน","4.66"
"เดือน","2568","10","กรกฎาคม","2","อัตราผู้ป่วย DM ที่มี HbA1c น้อยกว่า 7","> 40%",">","40","70","271","25.83","ไม่ผ่าน","-14.17"
"เดือน","2568","10","กรกฎาคม","13","อัตราผู้ป่วย DM ที่ได้รับการตรวจจอประสาทตาประจำปี",">= 70%",">=","70","37","363","10.19","ไม่ผ่าน","-59.81"
"เดือน","2568","10","กรกฎาคม","14","อัตราผู้ป่วย DM ที่ได้รับการตรวจสุขภาพช่องปากประจำปี","> 40%",">","40","9","363","2.48","ไม่ผ่าน","-37.52"
"เดือน","2568","10","กรกฎาคม","15","อัตราผู้ป่วย DM ที่ได้รับการตรวจเท้าอย่างละเอียดประจำปี",">= 80%",">=","80","29","363","7.99","ไม่ผ่าน","-72.01"
"เดือน","2568","11","สิงหาคม","1","อัตราผู้ป่วย DM ที่ได้รับการตรวจ HbA1c",">= 70%",">=","70","269","268","100.37","ผ่าน","30.37"
"เดือน","2568","11","สิงหาคม","2","อัตราผู้ป่วย DM ที่มี HbA1c น้อยกว่า 7","> 40%",">","40","76","269","28.25","ไม่ผ่าน","-11.75"
"เดือน","2568","11","สิงหาคม","13","อัตราผู้ป่วย DM ที่ได้รับการตรวจจอประสาทตาประจำปี",">= 70%",">=","70","33","268","12.31","ไม่ผ่าน","-57.69"
"เดือน","2568","11","สิงหาคม","14","อัตราผู้ป่วย DM ที่ได้รับการตรวจสุขภาพช่องปากประจำปี","> 40%",">","40","7","268","2.61","ไม่ผ่าน","-37.39"
"เดือน","2568","11","สิงหาคม","15","อัตราผู้ป่วย DM ที่ได้รับการตรวจเท้าอย่างละเอียดประจำปี",">= 80%",">=","80","3","268","1.12","ไม่ผ่าน","-78.88"
"เดือน","2568","12","กันยายน","1","อัตราผู้ป่วย DM ที่ได้รับการตรวจ HbA1c",">= 70%",">=","70","263","340","77.35","ผ่าน","7.35"
"เดือน","2568","12","กันยายน","2","อัตราผู้ป่วย DM ที่มี HbA1c น้อยกว่า 7","> 40%",">","40","64","263","24.33","ไม่ผ่าน","-15.67"
"เดือน","2568","12","กันยายน","13","อัตราผู้ป่วย DM ที่ได้รับการตรวจจอประสาทตาประจำปี",">= 70%",">=","70","52","340","15.29","ไม่ผ่าน","-54.71"
"เดือน","2568","12","กันยายน","14","อัตราผู้ป่วย DM ที่ได้รับการตรวจสุขภาพช่องปากประจำปี","> 40%",">","40","20","340","5.88","ไม่ผ่าน","-34.12"
"เดือน","2568","12","กันยายน","15","อัตราผู้ป่วย DM ที่ได้รับการตรวจเท้าอย่างละเอียดประจำปี",">= 80%",">=","80","12","340","3.53","ไม่ผ่าน","-76.47"
"ไตรมาส","2568","1","ไตรมาส 1","1","อัตราผู้ป่วย DM ที่ได้รับการตรวจ HbA1c",">= 70%",">=","70","706","876","80.59","ผ่าน","10.59"
"ไตรมาส","2568","1","ไตรมาส 1","2","อัตราผู้ป่วย DM ที่มี HbA1c น้อยกว่า 7","> 40%",">","40","176","706","24.93","ไม่ผ่าน","-15.07"
"ไตรมาส","2568","1","ไตรมาส 1","13","อัตราผู้ป่วย DM ที่ได้รับการตรวจจอประสาทตาประจำปี",">= 70%",">=","70","109","876","12.44","ไม่ผ่าน","-57.56"
"ไตรมาส","2568","1","ไตรมาส 1","14","อัตราผู้ป่วย DM ที่ได้รับการตรวจสุขภาพช่องปากประจำปี","> 40%",">","40","44","876","5.02","ไม่ผ่าน","-34.98"
"ไตรมาส","2568","1","ไตรมาส 1","15","อัตราผู้ป่วย DM ที่ได้รับการตรวจเท้าอย่างละเอียดประจำปี",">= 80%",">=","80","37","876","4.22","ไม่ผ่าน","-75.78"
"ไตรมาส","2568","2","ไตรมาส 2","1","อัตราผู้ป่วย DM ที่ได้รับการตรวจ HbA1c",">= 70%",">=","70","804","857","93.82","ผ่าน","23.82"
"ไตรมาส","2568","2","ไตรมาส 2","2","อัตราผู้ป่วย DM ที่มี HbA1c น้อยกว่า 7","> 40%",">","40","158","804","19.65","ไม่ผ่าน","-20.35"
"ไตรมาส","2568","2","ไตรมาส 2","13","อัตราผู้ป่วย DM ที่ได้รับการตรวจจอประสาทตาประจำปี",">= 70%",">=","70","106","857","12.37","ไม่ผ่าน","-57.63"
"ไตรมาส","2568","2","ไตรมาส 2","14","อัตราผู้ป่วย DM ที่ได้รับการตรวจสุขภาพช่องปากประจำปี","> 40%",">","40","54","857","6.3","ไม่ผ่าน","-33.7"
"ไตรมาส","2568","2","ไตรมาส 2","15","อัตราผู้ป่วย DM ที่ได้รับการตรวจเท้าอย่างละเอียดประจำปี",">= 80%",">=","80","38","857","4.43","ไม่ผ่าน","-75.57"
"ไตรมาส","2568","3","ไตรมาส 3","1","อัตราผู้ป่วย DM ที่ได้รับการตรวจ HbA1c",">= 70%",">=","70","721","847","85.12","ผ่าน","15.12"
"ไตรมาส","2568","3","ไตรมาส 3","2","อัตราผู้ป่วย DM ที่มี HbA1c น้อยกว่า 7","> 40%",">","40","189","721","26.21","ไม่ผ่าน","-13.79"
"ไตรมาส","2568","3","ไตรมาส 3","13","อัตราผู้ป่วย DM ที่ได้รับการตรวจจอประสาทตาประจำปี",">= 70%",">=","70","109","847","12.87","ไม่ผ่าน","-57.13"
"ไตรมาส","2568","3","ไตรมาส 3","14","อัตราผู้ป่วย DM ที่ได้รับการตรวจสุขภาพช่องปากประจำปี","> 40%",">","40","39","847","4.6","ไม่ผ่าน","-35.4"
"ไตรมาส","2568","3","ไตรมาส 3","15","อัตราผู้ป่วย DM ที่ได้รับการตรวจเท้าอย่างละเอียดประจำปี",">= 80%",">=","80","34","847","4.01","ไม่ผ่าน","-75.99"
"ไตรมาส","2568","4","ไตรมาส 4","1","อัตราผู้ป่วย DM ที่ได้รับการตรวจ HbA1c",">= 70%",">=","70","769","896","85.83","ผ่าน","15.83"
"ไตรมาส","2568","4","ไตรมาส 4","2","อัตราผู้ป่วย DM ที่มี HbA1c น้อยกว่า 7","> 40%",">","40","200","769","26.01","ไม่ผ่าน","-13.99"
"ไตรมาส","2568","4","ไตรมาส 4","13","อัตราผู้ป่วย DM ที่ได้รับการตรวจจอประสาทตาประจำปี",">= 70%",">=","70","121","896","13.5","ไม่ผ่าน","-56.5"
"ไตรมาส","2568","4","ไตรมาส 4","14","อัตราผู้ป่วย DM ที่ได้รับการตรวจสุขภาพช่องปากประจำปี","> 40%",">","40","36","896","4.02","ไม่ผ่าน","-35.98"
"ไตรมาส","2568","4","ไตรมาส 4","15","อัตราผู้ป่วย DM ที่ได้รับการตรวจเท้าอย่างละเอียดประจำปี",">= 80%",">=","80","43","896","4.8","ไม่ผ่าน","-75.2"
"ปีงบประมาณ","2568","0","ปีงบประมาณ 2568","1","อัตราผู้ป่วย DM ที่ได้รับการตรวจ HbA1c",">= 70%",">=","70","1155","1233","93.67","ผ่าน","23.67"
"ปีงบประมาณ","2568","0","ปีงบประมาณ 2568","2","อัตราผู้ป่วย DM ที่มี HbA1c น้อยกว่า 7","> 40%",">","40","340","1155","29.44","ไม่ผ่าน","-10.56"
"ปีงบประมาณ","2568","0","ปีงบประมาณ 2568","13","อัตราผู้ป่วย DM ที่ได้รับการตรวจจอประสาทตาประจำปี",">= 70%",">=","70","425","1233","34.47","ไม่ผ่าน","-35.53"
"ปีงบประมาณ","2568","0","ปีงบประมาณ 2568","14","อัตราผู้ป่วย DM ที่ได้รับการตรวจสุขภาพช่องปากประจำปี","> 40%",">","40","166","1233","13.46","ไม่ผ่าน","-26.54"
"ปีงบประมาณ","2568","0","ปีงบประมาณ 2568","15","อัตราผู้ป่วย DM ที่ได้รับการตรวจเท้าอย่างละเอียดประจำปี",">= 80%",">=","80","143","1233","11.6","ไม่ผ่าน","-68.4"
"เดือน","2569","1","ตุลาคม","1","อัตราผู้ป่วย DM ที่ได้รับการตรวจ HbA1c",">= 70%",">=","70","289","307","94.14","ผ่าน","24.14"
"เดือน","2569","1","ตุลาคม","2","อัตราผู้ป่วย DM ที่มี HbA1c น้อยกว่า 7","> 40%",">","40","68","289","23.53","ไม่ผ่าน","-16.47"
"เดือน","2569","1","ตุลาคม","13","อัตราผู้ป่วย DM ที่ได้รับการตรวจจอประสาทตาประจำปี",">= 70%",">=","70","48","307","15.64","ไม่ผ่าน","-54.36"
"เดือน","2569","1","ตุลาคม","14","อัตราผู้ป่วย DM ที่ได้รับการตรวจสุขภาพช่องปากประจำปี","> 40%",">","40","10","307","3.26","ไม่ผ่าน","-36.74"
"เดือน","2569","1","ตุลาคม","15","อัตราผู้ป่วย DM ที่ได้รับการตรวจเท้าอย่างละเอียดประจำปี",">= 80%",">=","80","6","307","1.95","ไม่ผ่าน","-78.05"
"เดือน","2569","2","พฤศจิกายน","1","อัตราผู้ป่วย DM ที่ได้รับการตรวจ HbA1c",">= 70%",">=","70","258","254","101.57","ผ่าน","31.57"
"เดือน","2569","2","พฤศจิกายน","2","อัตราผู้ป่วย DM ที่มี HbA1c น้อยกว่า 7","> 40%",">","40","53","258","20.54","ไม่ผ่าน","-19.46"
"เดือน","2569","2","พฤศจิกายน","13","อัตราผู้ป่วย DM ที่ได้รับการตรวจจอประสาทตาประจำปี",">= 70%",">=","70","29","254","11.42","ไม่ผ่าน","-58.58"
"เดือน","2569","2","พฤศจิกายน","14","อัตราผู้ป่วย DM ที่ได้รับการตรวจสุขภาพช่องปากประจำปี","> 40%",">","40","13","254","5.12","ไม่ผ่าน","-34.88"
"เดือน","2569","2","พฤศจิกายน","15","อัตราผู้ป่วย DM ที่ได้รับการตรวจเท้าอย่างละเอียดประจำปี",">= 80%",">=","80","11","254","4.33","ไม่ผ่าน","-75.67"
"เดือน","2569","3","ธันวาคม","1","อัตราผู้ป่วย DM ที่ได้รับการตรวจ HbA1c",">= 70%",">=","70","255","284","89.79","ผ่าน","19.79"
"เดือน","2569","3","ธันวาคม","2","อัตราผู้ป่วย DM ที่มี HbA1c น้อยกว่า 7","> 40%",">","40","59","255","23.14","ไม่ผ่าน","-16.86"
"เดือน","2569","3","ธันวาคม","13","อัตราผู้ป่วย DM ที่ได้รับการตรวจจอประสาทตาประจำปี",">= 70%",">=","70","24","284","8.45","ไม่ผ่าน","-61.55"
"เดือน","2569","3","ธันวาคม","14","อัตราผู้ป่วย DM ที่ได้รับการตรวจสุขภาพช่องปากประจำปี","> 40%",">","40","12","284","4.23","ไม่ผ่าน","-35.77"
"เดือน","2569","3","ธันวาคม","15","อัตราผู้ป่วย DM ที่ได้รับการตรวจเท้าอย่างละเอียดประจำปี",">= 80%",">=","80","59","284","20.77","ไม่ผ่าน","-59.23"
"เดือน","2569","4","มกราคม","1","อัตราผู้ป่วย DM ที่ได้รับการตรวจ HbA1c",">= 70%",">=","70","285","317","89.91","ผ่าน","19.91"
"เดือน","2569","4","มกราคม","2","อัตราผู้ป่วย DM ที่มี HbA1c น้อยกว่า 7","> 40%",">","40","60","285","21.05","ไม่ผ่าน","-18.95"
"เดือน","2569","4","มกราคม","13","อัตราผู้ป่วย DM ที่ได้รับการตรวจจอประสาทตาประจำปี",">= 70%",">=","70","48","317","15.14","ไม่ผ่าน","-54.86"
"เดือน","2569","4","มกราคม","14","อัตราผู้ป่วย DM ที่ได้รับการตรวจสุขภาพช่องปากประจำปี","> 40%",">","40","19","317","5.99","ไม่ผ่าน","-34.01"
"เดือน","2569","4","มกราคม","15","อัตราผู้ป่วย DM ที่ได้รับการตรวจเท้าอย่างละเอียดประจำปี",">= 80%",">=","80","81","317","25.55","ไม่ผ่าน","-54.45"
"เดือน","2569","5","กุมภาพันธ์","1","อัตราผู้ป่วย DM ที่ได้รับการตรวจ HbA1c",">= 70%",">=","70","156","333","46.85","ไม่ผ่าน","-23.15"
"เดือน","2569","5","กุมภาพันธ์","2","อัตราผู้ป่วย DM ที่มี HbA1c น้อยกว่า 7","> 40%",">","40","37","156","23.72","ไม่ผ่าน","-16.28"
"เดือน","2569","5","กุมภาพันธ์","13","อัตราผู้ป่วย DM ที่ได้รับการตรวจจอประสาทตาประจำปี",">= 70%",">=","70","49","333","14.71","ไม่ผ่าน","-55.29"
"เดือน","2569","5","กุมภาพันธ์","14","อัตราผู้ป่วย DM ที่ได้รับการตรวจสุขภาพช่องปากประจำปี","> 40%",">","40","20","333","6.01","ไม่ผ่าน","-33.99"
"เดือน","2569","5","กุมภาพันธ์","15","อัตราผู้ป่วย DM ที่ได้รับการตรวจเท้าอย่างละเอียดประจำปี",">= 80%",">=","80","101","333","30.33","ไม่ผ่าน","-49.67"
"เดือน","2569","6","มีนาคม","1","อัตราผู้ป่วย DM ที่ได้รับการตรวจ HbA1c",">= 70%",">=","70","134","297","45.12","ไม่ผ่าน","-24.88"
"เดือน","2569","6","มีนาคม","2","อัตราผู้ป่วย DM ที่มี HbA1c น้อยกว่า 7","> 40%",">","40","31","134","23.13","ไม่ผ่าน","-16.87"
"เดือน","2569","6","มีนาคม","13","อัตราผู้ป่วย DM ที่ได้รับการตรวจจอประสาทตาประจำปี",">= 70%",">=","70","45","297","15.15","ไม่ผ่าน","-54.85"
"เดือน","2569","6","มีนาคม","14","อัตราผู้ป่วย DM ที่ได้รับการตรวจสุขภาพช่องปากประจำปี","> 40%",">","40","11","297","3.7","ไม่ผ่าน","-36.3"
"เดือน","2569","6","มีนาคม","15","อัตราผู้ป่วย DM ที่ได้รับการตรวจเท้าอย่างละเอียดประจำปี",">= 80%",">=","80","30","297","10.1","ไม่ผ่าน","-69.9"
"เดือน","2569","7","เมษายน","1","อัตราผู้ป่วย DM ที่ได้รับการตรวจ HbA1c",">= 70%",">=","70","99","200","49.5","ไม่ผ่าน","-20.5"
"เดือน","2569","7","เมษายน","2","อัตราผู้ป่วย DM ที่มี HbA1c น้อยกว่า 7","> 40%",">","40","22","99","22.22","ไม่ผ่าน","-17.78"
"เดือน","2569","7","เมษายน","13","อัตราผู้ป่วย DM ที่ได้รับการตรวจจอประสาทตาประจำปี",">= 70%",">=","70","34","200","17","ไม่ผ่าน","-53"
"เดือน","2569","7","เมษายน","14","อัตราผู้ป่วย DM ที่ได้รับการตรวจสุขภาพช่องปากประจำปี","> 40%",">","40","15","200","7.5","ไม่ผ่าน","-32.5"
"เดือน","2569","7","เมษายน","15","อัตราผู้ป่วย DM ที่ได้รับการตรวจเท้าอย่างละเอียดประจำปี",">= 80%",">=","80","48","200","24","ไม่ผ่าน","-56"
"เดือน","2569","8","พฤษภาคม","1","อัตราผู้ป่วย DM ที่ได้รับการตรวจ HbA1c",">= 70%",">=","70","232","376","61.7","ไม่ผ่าน","-8.3"
"เดือน","2569","8","พฤษภาคม","2","อัตราผู้ป่วย DM ที่มี HbA1c น้อยกว่า 7","> 40%",">","40","37","232","15.95","ไม่ผ่าน","-24.05"
"เดือน","2569","8","พฤษภาคม","13","อัตราผู้ป่วย DM ที่ได้รับการตรวจจอประสาทตาประจำปี",">= 70%",">=","70","49","376","13.03","ไม่ผ่าน","-56.97"
"เดือน","2569","8","พฤษภาคม","14","อัตราผู้ป่วย DM ที่ได้รับการตรวจสุขภาพช่องปากประจำปี","> 40%",">","40","14","376","3.72","ไม่ผ่าน","-36.28"
"เดือน","2569","8","พฤษภาคม","15","อัตราผู้ป่วย DM ที่ได้รับการตรวจเท้าอย่างละเอียดประจำปี",">= 80%",">=","80","85","376","22.61","ไม่ผ่าน","-57.39"
"ไตรมาส","2569","1","ไตรมาส 1","1","อัตราผู้ป่วย DM ที่ได้รับการตรวจ HbA1c",">= 70%",">=","70","767","801","95.76","ผ่าน","25.76"
"ไตรมาส","2569","1","ไตรมาส 1","2","อัตราผู้ป่วย DM ที่มี HbA1c น้อยกว่า 7","> 40%",">","40","171","767","22.29","ไม่ผ่าน","-17.71"
"ไตรมาส","2569","1","ไตรมาส 1","13","อัตราผู้ป่วย DM ที่ได้รับการตรวจจอประสาทตาประจำปี",">= 70%",">=","70","100","801","12.48","ไม่ผ่าน","-57.52"
"ไตรมาส","2569","1","ไตรมาส 1","14","อัตราผู้ป่วย DM ที่ได้รับการตรวจสุขภาพช่องปากประจำปี","> 40%",">","40","35","801","4.37","ไม่ผ่าน","-35.63"
"ไตรมาส","2569","1","ไตรมาส 1","15","อัตราผู้ป่วย DM ที่ได้รับการตรวจเท้าอย่างละเอียดประจำปี",">= 80%",">=","80","76","801","9.49","ไม่ผ่าน","-70.51"
"ไตรมาส","2569","2","ไตรมาส 2","1","อัตราผู้ป่วย DM ที่ได้รับการตรวจ HbA1c",">= 70%",">=","70","562","897","62.65","ไม่ผ่าน","-7.35"
"ไตรมาส","2569","2","ไตรมาส 2","2","อัตราผู้ป่วย DM ที่มี HbA1c น้อยกว่า 7","> 40%",">","40","125","562","22.24","ไม่ผ่าน","-17.76"
"ไตรมาส","2569","2","ไตรมาส 2","13","อัตราผู้ป่วย DM ที่ได้รับการตรวจจอประสาทตาประจำปี",">= 70%",">=","70","142","897","15.83","ไม่ผ่าน","-54.17"
"ไตรมาส","2569","2","ไตรมาส 2","14","อัตราผู้ป่วย DM ที่ได้รับการตรวจสุขภาพช่องปากประจำปี","> 40%",">","40","50","897","5.57","ไม่ผ่าน","-34.43"
"ไตรมาส","2569","2","ไตรมาส 2","15","อัตราผู้ป่วย DM ที่ได้รับการตรวจเท้าอย่างละเอียดประจำปี",">= 80%",">=","80","212","897","23.63","ไม่ผ่าน","-56.37"
"ไตรมาส","2569","3","ไตรมาส 3","1","อัตราผู้ป่วย DM ที่ได้รับการตรวจ HbA1c",">= 70%",">=","70","330","570","57.89","ไม่ผ่าน","-12.11"
"ไตรมาส","2569","3","ไตรมาส 3","2","อัตราผู้ป่วย DM ที่มี HbA1c น้อยกว่า 7","> 40%",">","40","58","330","17.58","ไม่ผ่าน","-22.42"
"ไตรมาส","2569","3","ไตรมาส 3","13","อัตราผู้ป่วย DM ที่ได้รับการตรวจจอประสาทตาประจำปี",">= 70%",">=","70","83","570","14.56","ไม่ผ่าน","-55.44"
"ไตรมาส","2569","3","ไตรมาส 3","14","อัตราผู้ป่วย DM ที่ได้รับการตรวจสุขภาพช่องปากประจำปี","> 40%",">","40","29","570","5.09","ไม่ผ่าน","-34.91"
"ไตรมาส","2569","3","ไตรมาส 3","15","อัตราผู้ป่วย DM ที่ได้รับการตรวจเท้าอย่างละเอียดประจำปี",">= 80%",">=","80","133","570","23.33","ไม่ผ่าน","-56.67"
"ปีงบประมาณ","2569","0","ปีงบประมาณ 2569","1","อัตราผู้ป่วย DM ที่ได้รับการตรวจ HbA1c",">= 70%",">=","70","1006","1066","94.37","ผ่าน","24.37"
"ปีงบประมาณ","2569","0","ปีงบประมาณ 2569","2","อัตราผู้ป่วย DM ที่มี HbA1c น้อยกว่า 7","> 40%",">","40","256","1006","25.45","ไม่ผ่าน","-14.55"
"ปีงบประมาณ","2569","0","ปีงบประมาณ 2569","13","อัตราผู้ป่วย DM ที่ได้รับการตรวจจอประสาทตาประจำปี",">= 70%",">=","70","320","1066","30.02","ไม่ผ่าน","-39.98"
"ปีงบประมาณ","2569","0","ปีงบประมาณ 2569","14","อัตราผู้ป่วย DM ที่ได้รับการตรวจสุขภาพช่องปากประจำปี","> 40%",">","40","113","1066","10.6","ไม่ผ่าน","-29.4"
"ปีงบประมาณ","2569","0","ปีงบประมาณ 2569","15","อัตราผู้ป่วย DM ที่ได้รับการตรวจเท้าอย่างละเอียดประจำปี",">= 80%",">=","80","418","1066","39.21","ไม่ผ่าน","-40.79"
